{"cameraMode":{"drawMode":0,"name":"Shaded","section":"Shading Mode"},"sceneLighting":true,"audioPlay":false,"sceneViewState":{"showFog":true,"showMaterialUpdate":true,"showSkybox":false,"showFlares":true,"showImageEffects":true,"showParticleSystems":true},"in2DMode":false,"pivot":{"x":-36.91999816894531,"y":220.72000122070313,"z":42.00599670410156},"rotation":{"x":-0.056322988122701648,"y":0.9208939075469971,"z":-0.1451282650232315,"w":-0.35739174485206606},"size":20.67571449279785,"orthographic":false}